title,category,url,price,timestamp
Intel Core i7-12700KF Gaming Desktop Processor 12 (8P+4E) Cores up to 5.0 GHz Unlocked LGA1700 600 Series Chipset 125W,CPU,https://www.amazon.com/sspa/click?ie=UTF8&spc=MTo3NTg1Nzc4MTE1MTY0MDM5OjE3MTY4NDQ4ODU6c3BfYXRmX25leHQ6MjAwMDQ1NzE1NzMyMjk4OjowOjo&url=%2FIntel-i7-12700KF-Desktop-Processor-Unlocked%2Fdp%2FB09FXKHN7M%2Fref%3Dsr_1_49_sspa%3Fdib%3DeyJ2IjoiMSJ9.MuY7BPA_2bf7vEpp73Xos2nmr7miXqOAxijqzxDP4sM9qRBTNlB7sVRDSlErt96JAgX0qUuiP-Yzr51fJobkc1eZSJSh-dKA6eo5dKBhw-FttpRRDdz4schRk8sj38gf_kp1kx2zmJZFKxXrnAWErJ0_KxQSG_tIcKoePWTl0uKjf4jCLWaGolyCdk3MfV_MLcDZmzE2rRjaXcm9gObo1nFmCuqX6vCHEiKaQ2yQ2cs.UtBzAUdw9C9cXZla3NLxyTCCnBab8ZRDfKGlIE2wluQ%26dib_tag%3Dse%26keywords%3Dcpu%26qid%3D1716844885%26sr%3D8-49-spons%26sp_csd%3Dd2lkZ2V0TmFtZT1zcF9hdGZfbmV4dA%26psc%3D1,189.98,2024-05-27 22:21:25.971543
"AMD Ryzen™ Threadripper™ 7980X 64-Core, 128-Thread Processor",CPU,https://www.amazon.com/AMD-RyzenTM-ThreadripperTM-7980X-128-Thread/dp/B0CK2R6DVS/ref=sr_1_52?dib=eyJ2IjoiMSJ9.MuY7BPA_2bf7vEpp73Xos2nmr7miXqOAxijqzxDP4sM9qRBTNlB7sVRDSlErt96JAgX0qUuiP-Yzr51fJobkc1eZSJSh-dKA6eo5dKBhw-FttpRRDdz4schRk8sj38gf_kp1kx2zmJZFKxXrnAWErJ0_KxQSG_tIcKoePWTl0uKjf4jCLWaGolyCdk3MfV_MLcDZmzE2rRjaXcm9gObo1nFmCuqX6vCHEiKaQ2yQ2cs.UtBzAUdw9C9cXZla3NLxyTCCnBab8ZRDfKGlIE2wluQ&dib_tag=se&keywords=cpu&qid=1716844885&sr=8-52,4999.0,2024-05-27 22:21:25.975546
Intel Core i9-14900F Desktop Processor 24 cores (8 P-cores + 16 E-cores) up to 5.8 GHz,CPU,https://www.amazon.com/Intel-i9-14900F-Desktop-Processor-P-cores/dp/B0CQ1FC8WZ/ref=sr_1_54?dib=eyJ2IjoiMSJ9.MuY7BPA_2bf7vEpp73Xos2nmr7miXqOAxijqzxDP4sM9qRBTNlB7sVRDSlErt96JAgX0qUuiP-Yzr51fJobkc1eZSJSh-dKA6eo5dKBhw-FttpRRDdz4schRk8sj38gf_kp1kx2zmJZFKxXrnAWErJ0_KxQSG_tIcKoePWTl0uKjf4jCLWaGolyCdk3MfV_MLcDZmzE2rRjaXcm9gObo1nFmCuqX6vCHEiKaQ2yQ2cs.UtBzAUdw9C9cXZla3NLxyTCCnBab8ZRDfKGlIE2wluQ&dib_tag=se&keywords=cpu&qid=1716844885&sr=8-54,528.99,2024-05-27 22:21:25.979549
"AMD Ryzen™ Threadripper™ 7970X 32-Core, 64-Thread Processor",CPU,https://www.amazon.com/AMD-RyzenTM-ThreadripperTM-7970X-64-Thread/dp/B0CK2W3WFP/ref=sr_1_56?dib=eyJ2IjoiMSJ9.MuY7BPA_2bf7vEpp73Xos2nmr7miXqOAxijqzxDP4sM9qRBTNlB7sVRDSlErt96JAgX0qUuiP-Yzr51fJobkc1eZSJSh-dKA6eo5dKBhw-FttpRRDdz4schRk8sj38gf_kp1kx2zmJZFKxXrnAWErJ0_KxQSG_tIcKoePWTl0uKjf4jCLWaGolyCdk3MfV_MLcDZmzE2rRjaXcm9gObo1nFmCuqX6vCHEiKaQ2yQ2cs.UtBzAUdw9C9cXZla3NLxyTCCnBab8ZRDfKGlIE2wluQ&dib_tag=se&keywords=cpu&qid=1716844885&sr=8-56,2399.0,2024-05-27 22:21:25.983549
"Intel Core i5-13500 Desktop Processor 14 cores (6 P-cores + 8 E-cores) 24MB Cache, up to 4.8 GHz",CPU,https://www.amazon.com/Intel-i5-13500-Desktop-Processor-P-cores/dp/B0BQ6CFDCX/ref=sr_1_57?dib=eyJ2IjoiMSJ9.MuY7BPA_2bf7vEpp73Xos2nmr7miXqOAxijqzxDP4sM9qRBTNlB7sVRDSlErt96JAgX0qUuiP-Yzr51fJobkc1eZSJSh-dKA6eo5dKBhw-FttpRRDdz4schRk8sj38gf_kp1kx2zmJZFKxXrnAWErJ0_KxQSG_tIcKoePWTl0uKjf4jCLWaGolyCdk3MfV_MLcDZmzE2rRjaXcm9gObo1nFmCuqX6vCHEiKaQ2yQ2cs.UtBzAUdw9C9cXZla3NLxyTCCnBab8ZRDfKGlIE2wluQ&dib_tag=se&keywords=cpu&qid=1716844885&sr=8-57,199.99,2024-05-27 22:21:25.986766
Intel Core i3-14100F Desktop Processor 4 cores (4 P-cores + 0 E-cores) up to 4.7 GHz,CPU,https://www.amazon.com/Intel-i3-14100F-Desktop-Processor-P-cores/dp/B0CQ1MN1Y2/ref=sr_1_61?dib=eyJ2IjoiMSJ9.MuY7BPA_2bf7vEpp73Xos2nmr7miXqOAxijqzxDP4sM9qRBTNlB7sVRDSlErt96JAgX0qUuiP-Yzr51fJobkc1eZSJSh-dKA6eo5dKBhw-FttpRRDdz4schRk8sj38gf_kp1kx2zmJZFKxXrnAWErJ0_KxQSG_tIcKoePWTl0uKjf4jCLWaGolyCdk3MfV_MLcDZmzE2rRjaXcm9gObo1nFmCuqX6vCHEiKaQ2yQ2cs.UtBzAUdw9C9cXZla3NLxyTCCnBab8ZRDfKGlIE2wluQ&dib_tag=se&keywords=cpu&qid=1716844885&sr=8-61,111.99,2024-05-27 22:21:25.992340
"AMD Ryzen 9 3950X 16-Core, 32-Thread Unlocked Desktop Processor",CPU,https://www.amazon.com/AMD-Ryzen-3950X-32-Thread-Processor/dp/B07ZTYKLZW/ref=sr_1_64?dib=eyJ2IjoiMSJ9.MuY7BPA_2bf7vEpp73Xos2nmr7miXqOAxijqzxDP4sM9qRBTNlB7sVRDSlErt96JAgX0qUuiP-Yzr51fJobkc1eZSJSh-dKA6eo5dKBhw-FttpRRDdz4schRk8sj38gf_kp1kx2zmJZFKxXrnAWErJ0_KxQSG_tIcKoePWTl0uKjf4jCLWaGolyCdk3MfV_MLcDZmzE2rRjaXcm9gObo1nFmCuqX6vCHEiKaQ2yQ2cs.UtBzAUdw9C9cXZla3NLxyTCCnBab8ZRDfKGlIE2wluQ&dib_tag=se&keywords=cpu&qid=1716844885&sr=8-64,524.99,2024-05-27 22:21:26.041153
"AMD Ryzen 7 3700X 8-Core, 16-Thread Unlocked Desktop Processor with Wraith Prism LED Cooler",CPU,https://www.amazon.com/AMD-Ryzen-3700X-16-Thread-Processor/dp/B07SXMZLPK/ref=sr_1_65?dib=eyJ2IjoiMSJ9.MuY7BPA_2bf7vEpp73Xos2nmr7miXqOAxijqzxDP4sM9qRBTNlB7sVRDSlErt96JAgX0qUuiP-Yzr51fJobkc1eZSJSh-dKA6eo5dKBhw-FttpRRDdz4schRk8sj38gf_kp1kx2zmJZFKxXrnAWErJ0_KxQSG_tIcKoePWTl0uKjf4jCLWaGolyCdk3MfV_MLcDZmzE2rRjaXcm9gObo1nFmCuqX6vCHEiKaQ2yQ2cs.UtBzAUdw9C9cXZla3NLxyTCCnBab8ZRDfKGlIE2wluQ&dib_tag=se&keywords=cpu&qid=1716844885&sr=8-65,200.0,2024-05-27 22:21:26.044156
Intel Core i3-14100 Desktop Processor 4 cores (4 P-cores + 0 E-cores) up to 4.7 GHz,CPU,https://www.amazon.com/Intel-i3-14100-Desktop-Processor-P-cores/dp/B0CQ1S3L53/ref=sr_1_66?dib=eyJ2IjoiMSJ9.MuY7BPA_2bf7vEpp73Xos2nmr7miXqOAxijqzxDP4sM9qRBTNlB7sVRDSlErt96JAgX0qUuiP-Yzr51fJobkc1eZSJSh-dKA6eo5dKBhw-FttpRRDdz4schRk8sj38gf_kp1kx2zmJZFKxXrnAWErJ0_KxQSG_tIcKoePWTl0uKjf4jCLWaGolyCdk3MfV_MLcDZmzE2rRjaXcm9gObo1nFmCuqX6vCHEiKaQ2yQ2cs.UtBzAUdw9C9cXZla3NLxyTCCnBab8ZRDfKGlIE2wluQ&dib_tag=se&keywords=cpu&qid=1716844885&sr=8-66,145.99,2024-05-27 22:21:26.046154
"Dell Inspiron 3030 Desktop - Intel Core i7-14700 Processor, 16GB DDR5 RAM, 1TB SSD, Intel UHD 770 Graphics, Windows 11 Pro, Onsite & Migrate Service - Mist Blue",CPU,https://www.amazon.com/Dell-Inspiron-3030-Desktop-Processor/dp/B0CYMTDD9H/ref=sr_1_67?dib=eyJ2IjoiMSJ9.MuY7BPA_2bf7vEpp73Xos2nmr7miXqOAxijqzxDP4sM9qRBTNlB7sVRDSlErt96JAgX0qUuiP-Yzr51fJobkc1eZSJSh-dKA6eo5dKBhw-FttpRRDdz4schRk8sj38gf_kp1kx2zmJZFKxXrnAWErJ0_KxQSG_tIcKoePWTl0uKjf4jCLWaGolyCdk3MfV_MLcDZmzE2rRjaXcm9gObo1nFmCuqX6vCHEiKaQ2yQ2cs.UtBzAUdw9C9cXZla3NLxyTCCnBab8ZRDfKGlIE2wluQ&dib_tag=se&keywords=cpu&qid=1716844885&sr=8-67,949.99,2024-05-27 22:21:26.048156
Intel Core i9-14900 Desktop Processor 24 cores (8 P-cores + 16 E-cores) up to 5.8 GHz,CPU,https://www.amazon.com/Intel-i9-14900-Desktop-Processor-P-cores/dp/B0CQ24VW72/ref=sr_1_68?dib=eyJ2IjoiMSJ9.MuY7BPA_2bf7vEpp73Xos2nmr7miXqOAxijqzxDP4sM9qRBTNlB7sVRDSlErt96JAgX0qUuiP-Yzr51fJobkc1eZSJSh-dKA6eo5dKBhw-FttpRRDdz4schRk8sj38gf_kp1kx2zmJZFKxXrnAWErJ0_KxQSG_tIcKoePWTl0uKjf4jCLWaGolyCdk3MfV_MLcDZmzE2rRjaXcm9gObo1nFmCuqX6vCHEiKaQ2yQ2cs.UtBzAUdw9C9cXZla3NLxyTCCnBab8ZRDfKGlIE2wluQ&dib_tag=se&keywords=cpu&qid=1716844885&sr=8-68,579.99,2024-05-27 22:21:26.050153
"Intel Core i5-10400 Desktop Processor 6 Cores up to 4.3 GHz LGA1200 (Intel 400 Series Chipset) 65W, Model Number: BX8070110400",CPU,https://www.amazon.com/Intel-i5-10400-Desktop-Processor-LGA1200/dp/B086MN38Q2/ref=sr_1_115?dib=eyJ2IjoiMSJ9.Hd0wD0Z0-7UPKwPt_cuH91CJFt1Da680V9EFmv8KOe3gx1amouJrGW2e9h3YCCzyQR28S6ipH2Dc5-PsgNBCl-DP7OJEsVXSTrDoqarY5Zf5kQeDgOyKumYfp35AepsUD176smBRWZ-A0iKc18KacPHcTnAGTIiI5CFA4gBIsOkHrrsTV7UFLi_oTopR7EJ6vb3_yeoFAFXPj6sLrLaajem6q5yM8VaVLDvCqOazYYU.z3jiRo55xhYnkEKVlcplPdttHzIcm24caW6e7XqPeTM&dib_tag=se&keywords=cpu&qid=1716844885&sr=8-115,139.99,2024-05-27 22:21:26.086156
Intel Core i3-14100F Desktop Processor 4 cores (4 P-cores + 0 E-cores) up to 4.7 GHz,CPU,https://www.amazon.com/sspa/click?ie=UTF8&spc=MTo3NTg1Nzc4MTE1MTY0MDM5OjE3MTY4NDQ4ODU6c3BfYnRmOjMwMDExODk0NTY4MDUwMjo6MDo6&url=%2FIntel-i3-14100F-Desktop-Processor-P-cores%2Fdp%2FB0CQ1MN1Y2%2Fref%3Dsr_1_70_sspa%3Fdib%3DeyJ2IjoiMSJ9.MuY7BPA_2bf7vEpp73Xos2nmr7miXqOAxijqzxDP4sM9qRBTNlB7sVRDSlErt96JAgX0qUuiP-Yzr51fJobkc1eZSJSh-dKA6eo5dKBhw-FttpRRDdz4schRk8sj38gf_kp1kx2zmJZFKxXrnAWErJ0_KxQSG_tIcKoePWTl0uKjf4jCLWaGolyCdk3MfV_MLcDZmzE2rRjaXcm9gObo1nFmCuqX6vCHEiKaQ2yQ2cs.UtBzAUdw9C9cXZla3NLxyTCCnBab8ZRDfKGlIE2wluQ%26dib_tag%3Dse%26keywords%3Dcpu%26qid%3D1716844885%26sr%3D8-70-spons%26sp_csd%3Dd2lkZ2V0TmFtZT1zcF9idGY%26psc%3D1,111.99,2024-05-27 22:21:26.112196
Intel Core i5-14400 Desktop Processor 10 cores (6 P-cores + 4 E-cores) up to 4.7 GHz,CPU,https://www.amazon.com/Intel-i5-14400-Desktop-Processor-P-cores/dp/B0CQ1M1YXM/ref=sr_1_116?dib=eyJ2IjoiMSJ9.Hd0wD0Z0-7UPKwPt_cuH91CJFt1Da680V9EFmv8KOe3gx1amouJrGW2e9h3YCCzyQR28S6ipH2Dc5-PsgNBCl-DP7OJEsVXSTrDoqarY5Zf5kQeDgOyKumYfp35AepsUD176smBRWZ-A0iKc18KacPHcTnAGTIiI5CFA4gBIsOkHrrsTV7UFLi_oTopR7EJ6vb3_yeoFAFXPj6sLrLaajem6q5yM8VaVLDvCqOazYYU.z3jiRo55xhYnkEKVlcplPdttHzIcm24caW6e7XqPeTM&dib_tag=se&keywords=cpu&qid=1716844885&sr=8-116,229.99,2024-05-27 22:21:26.115194
"Intel i3-13100F Desktop Processor - 4 Cores, 12MB Cache, up to 4.5 GHz",CPU,https://www.amazon.com/Intel-i3-13100F-Desktop-Processor-P-cores/dp/B0BQ6BCWC4/ref=sr_1_117?dib=eyJ2IjoiMSJ9.Hd0wD0Z0-7UPKwPt_cuH91CJFt1Da680V9EFmv8KOe3gx1amouJrGW2e9h3YCCzyQR28S6ipH2Dc5-PsgNBCl-DP7OJEsVXSTrDoqarY5Zf5kQeDgOyKumYfp35AepsUD176smBRWZ-A0iKc18KacPHcTnAGTIiI5CFA4gBIsOkHrrsTV7UFLi_oTopR7EJ6vb3_yeoFAFXPj6sLrLaajem6q5yM8VaVLDvCqOazYYU.z3jiRo55xhYnkEKVlcplPdttHzIcm24caW6e7XqPeTM&dib_tag=se&keywords=cpu&qid=1716844885&sr=8-117,106.99,2024-05-27 22:21:26.118156
Intel Core i7 (12th Gen) i7-12700 Dodeca-core (12 Core) 2.10 GHz Processor - Retail Pack,CPU,https://www.amazon.com/Intel-Core-i7-12700-Dodeca-core-Processor/dp/B09NPHHSZ1/ref=sr_1_118?dib=eyJ2IjoiMSJ9.Hd0wD0Z0-7UPKwPt_cuH91CJFt1Da680V9EFmv8KOe3gx1amouJrGW2e9h3YCCzyQR28S6ipH2Dc5-PsgNBCl-DP7OJEsVXSTrDoqarY5Zf5kQeDgOyKumYfp35AepsUD176smBRWZ-A0iKc18KacPHcTnAGTIiI5CFA4gBIsOkHrrsTV7UFLi_oTopR7EJ6vb3_yeoFAFXPj6sLrLaajem6q5yM8VaVLDvCqOazYYU.z3jiRo55xhYnkEKVlcplPdttHzIcm24caW6e7XqPeTM&dib_tag=se&keywords=cpu&qid=1716844885&sr=8-118,265.48,2024-05-27 22:21:26.119153
"Intel Core i5 6500 3.20 GHz Quad Core Skylake Desktop Processor, Socket LGA 1151, 6MB Cache",CPU,https://www.amazon.com/Intel-Core-i5-6500-Processor-BX80662I56500/dp/B010T6CWI2/ref=sr_1_120?dib=eyJ2IjoiMSJ9.Hd0wD0Z0-7UPKwPt_cuH91CJFt1Da680V9EFmv8KOe3gx1amouJrGW2e9h3YCCzyQR28S6ipH2Dc5-PsgNBCl-DP7OJEsVXSTrDoqarY5Zf5kQeDgOyKumYfp35AepsUD176smBRWZ-A0iKc18KacPHcTnAGTIiI5CFA4gBIsOkHrrsTV7UFLi_oTopR7EJ6vb3_yeoFAFXPj6sLrLaajem6q5yM8VaVLDvCqOazYYU.z3jiRo55xhYnkEKVlcplPdttHzIcm24caW6e7XqPeTM&dib_tag=se&keywords=cpu&qid=1716844885&sr=8-120,60.0,2024-05-27 22:21:26.121153
AMD Ryzen™ 7 8700F,CPU,https://www.amazon.com/AMD-RyzenTM-7-8700F/dp/B0D2JCMP34/ref=sr_1_121?dib=eyJ2IjoiMSJ9.Hd0wD0Z0-7UPKwPt_cuH91CJFt1Da680V9EFmv8KOe3gx1amouJrGW2e9h3YCCzyQR28S6ipH2Dc5-PsgNBCl-DP7OJEsVXSTrDoqarY5Zf5kQeDgOyKumYfp35AepsUD176smBRWZ-A0iKc18KacPHcTnAGTIiI5CFA4gBIsOkHrrsTV7UFLi_oTopR7EJ6vb3_yeoFAFXPj6sLrLaajem6q5yM8VaVLDvCqOazYYU.z3jiRo55xhYnkEKVlcplPdttHzIcm24caW6e7XqPeTM&dib_tag=se&keywords=cpu&qid=1716844885&sr=8-121,269.0,2024-05-27 22:21:26.124163
Procesorius Intel CPU Core I9-13900KS S1700 Box/6.0G BX8071513900KS S RMBX in,CPU,https://www.amazon.com/Procesorius-Intel-I9-13900KS-S1700-BX8071513900KS/dp/B0BS6W9JH8/ref=sr_1_122?dib=eyJ2IjoiMSJ9.Hd0wD0Z0-7UPKwPt_cuH91CJFt1Da680V9EFmv8KOe3gx1amouJrGW2e9h3YCCzyQR28S6ipH2Dc5-PsgNBCl-DP7OJEsVXSTrDoqarY5Zf5kQeDgOyKumYfp35AepsUD176smBRWZ-A0iKc18KacPHcTnAGTIiI5CFA4gBIsOkHrrsTV7UFLi_oTopR7EJ6vb3_yeoFAFXPj6sLrLaajem6q5yM8VaVLDvCqOazYYU.z3jiRo55xhYnkEKVlcplPdttHzIcm24caW6e7XqPeTM&dib_tag=se&keywords=cpu&qid=1716844885&sr=8-122,589.99,2024-05-27 22:21:26.126155
Intel Core i7-12700KF Gaming Desktop Processor 12 (8P+4E) Cores up to 5.0 GHz Unlocked LGA1700 600 Series Chipset 125W,CPU,https://www.amazon.com/sspa/click?ie=UTF8&spc=MToxNzYzMDA3NTIwOTMzMDk3OjE3MTY4NDQ4ODU6c3BfbXRmOjIwMDA0NTcxNTczMjI5ODo6MDo6&url=%2FIntel-i7-12700KF-Desktop-Processor-Unlocked%2Fdp%2FB09FXKHN7M%2Fref%3Dsr_1_124_sspa%3Fdib%3DeyJ2IjoiMSJ9.Hd0wD0Z0-7UPKwPt_cuH91CJFt1Da680V9EFmv8KOe3gx1amouJrGW2e9h3YCCzyQR28S6ipH2Dc5-PsgNBCl-DP7OJEsVXSTrDoqarY5Zf5kQeDgOyKumYfp35AepsUD176smBRWZ-A0iKc18KacPHcTnAGTIiI5CFA4gBIsOkHrrsTV7UFLi_oTopR7EJ6vb3_yeoFAFXPj6sLrLaajem6q5yM8VaVLDvCqOazYYU.z3jiRo55xhYnkEKVlcplPdttHzIcm24caW6e7XqPeTM%26dib_tag%3Dse%26keywords%3Dcpu%26qid%3D1716844885%26sr%3D8-124-spons%26sp_csd%3Dd2lkZ2V0TmFtZT1zcF9tdGY%26psc%3D1,189.98,2024-05-27 22:21:26.134157
"Intel Boxed Pentium Gold G5600F Processor (4M Cache, 3.90 GHz) FC-LGA14C",CPU,https://www.amazon.com/Intel-Pentium-G5600F-Processor-FC-LGA14C/dp/B07SLH381M/ref=sr_1_125?dib=eyJ2IjoiMSJ9.Hd0wD0Z0-7UPKwPt_cuH91CJFt1Da680V9EFmv8KOe3gx1amouJrGW2e9h3YCCzyQR28S6ipH2Dc5-PsgNBCl-DP7OJEsVXSTrDoqarY5Zf5kQeDgOyKumYfp35AepsUD176smBRWZ-A0iKc18KacPHcTnAGTIiI5CFA4gBIsOkHrrsTV7UFLi_oTopR7EJ6vb3_yeoFAFXPj6sLrLaajem6q5yM8VaVLDvCqOazYYU.z3jiRo55xhYnkEKVlcplPdttHzIcm24caW6e7XqPeTM&dib_tag=se&keywords=cpu&qid=1716844885&sr=8-125,39.99,2024-05-27 22:21:26.137157
"Intel Core i3-10100 Desktop Processor 4 Cores up to 4.3 GHz LGA1200 (Intel 400 Series Chipset) 65W, Model Number: BX8070110100",CPU,https://www.amazon.com/Intel-i3-10100-Desktop-Processor-LGA1200/dp/B086MMRW87/ref=sr_1_126?dib=eyJ2IjoiMSJ9.Hd0wD0Z0-7UPKwPt_cuH91CJFt1Da680V9EFmv8KOe3gx1amouJrGW2e9h3YCCzyQR28S6ipH2Dc5-PsgNBCl-DP7OJEsVXSTrDoqarY5Zf5kQeDgOyKumYfp35AepsUD176smBRWZ-A0iKc18KacPHcTnAGTIiI5CFA4gBIsOkHrrsTV7UFLi_oTopR7EJ6vb3_yeoFAFXPj6sLrLaajem6q5yM8VaVLDvCqOazYYU.z3jiRo55xhYnkEKVlcplPdttHzIcm24caW6e7XqPeTM&dib_tag=se&keywords=cpu&qid=1716844885&sr=8-126,93.02,2024-05-27 22:21:26.139155
AMD AD740KYBJABOX A6-7400K Dual-Core 3.5 GHz Socket FM2+ Desktop Processor Radeon R5 Series,CPU,https://www.amazon.com/AMD-A6-7400K-Dual-Core-Processor-AD740KYBJABOX/dp/B00LUH17XG/ref=sr_1_127?dib=eyJ2IjoiMSJ9.Hd0wD0Z0-7UPKwPt_cuH91CJFt1Da680V9EFmv8KOe3gx1amouJrGW2e9h3YCCzyQR28S6ipH2Dc5-PsgNBCl-DP7OJEsVXSTrDoqarY5Zf5kQeDgOyKumYfp35AepsUD176smBRWZ-A0iKc18KacPHcTnAGTIiI5CFA4gBIsOkHrrsTV7UFLi_oTopR7EJ6vb3_yeoFAFXPj6sLrLaajem6q5yM8VaVLDvCqOazYYU.z3jiRo55xhYnkEKVlcplPdttHzIcm24caW6e7XqPeTM&dib_tag=se&keywords=cpu&qid=1716844885&sr=8-127,85.23,2024-05-27 22:21:26.141153
"Intel Core i3-13100 Desktop Processor 4 cores (4 P-cores + 0 E-cores) 12MB Cache, up to 4.5 GHz",CPU,https://www.amazon.com/Intel-i3-13100-Desktop-Processor-P-cores/dp/B0BQ6CTTMK/ref=sr_1_130?dib=eyJ2IjoiMSJ9.Hd0wD0Z0-7UPKwPt_cuH91CJFt1Da680V9EFmv8KOe3gx1amouJrGW2e9h3YCCzyQR28S6ipH2Dc5-PsgNBCl-DP7OJEsVXSTrDoqarY5Zf5kQeDgOyKumYfp35AepsUD176smBRWZ-A0iKc18KacPHcTnAGTIiI5CFA4gBIsOkHrrsTV7UFLi_oTopR7EJ6vb3_yeoFAFXPj6sLrLaajem6q5yM8VaVLDvCqOazYYU.z3jiRo55xhYnkEKVlcplPdttHzIcm24caW6e7XqPeTM&dib_tag=se&keywords=cpu&qid=1716844885&sr=8-130,134.99,2024-05-27 22:21:26.147154
"AMD Ryzen Threadripper 3970X 32-Core, 64-Thread Unlocked Desktop Processor",CPU,https://www.amazon.com/AMD-Ryzen-Threadripper-3970X-64-Thread/dp/B0815JJQQ8/ref=sr_1_131?dib=eyJ2IjoiMSJ9.Hd0wD0Z0-7UPKwPt_cuH91CJFt1Da680V9EFmv8KOe3gx1amouJrGW2e9h3YCCzyQR28S6ipH2Dc5-PsgNBCl-DP7OJEsVXSTrDoqarY5Zf5kQeDgOyKumYfp35AepsUD176smBRWZ-A0iKc18KacPHcTnAGTIiI5CFA4gBIsOkHrrsTV7UFLi_oTopR7EJ6vb3_yeoFAFXPj6sLrLaajem6q5yM8VaVLDvCqOazYYU.z3jiRo55xhYnkEKVlcplPdttHzIcm24caW6e7XqPeTM&dib_tag=se&keywords=cpu&qid=1716844885&sr=8-131,1675.0,2024-05-27 22:21:26.149156
CORSAIR Vengeance DDR5 RAM 64GB (2x32GB) 6000MHz CL38 Intel XMP iCUE Compatible Computer Memory - Black (CMK64GX5M2B6000C38),RAM,https://www.amazon.com/CORSAIR-Vengeance-6000MHz-Compatible-Computer/dp/B0CQQV4PRJ/ref=sr_1_163?dib=eyJ2IjoiMSJ9._DGZdUYxoWotymwAzkpYoFa0hSrmYNNmQGsnFyBzftmXXursSFmvZa6zD5RNic9R7EVAF1tL3DLGEclTq8kVGtKAI-p9SFvS0vS1kBpHFbnqE8FUR4B-VIYpgOSyLLSvhMrlwagIejqryakR1QJuN6iE2SjYNyt2PfKVYRUPEzV2ZqkICUt8fA7YRbFsidkoFRM6Vl5JOhywSvnHk4yKBcUI0fRO_NzgiazGRqGVpmE.PQSDD3OBFhAF9_dt5J36bkQ2i88pyDrdIHuTOaBmyDc&dib_tag=se&keywords=ram&qid=1716844887&sr=8-163,199.9,2024-05-27 22:21:27.390910
CORSAIR Dominator Titanium RGB DDR5 RAM 32GB (2x16GB) DDR5 7000MHz CL34 Intel XMP iCUE Compatible Computer Memory - Black (CMP32GX5M2X7000C34),RAM,https://www.amazon.com/CORSAIR-Dominator-Titanium-Compatible-Computer/dp/B0CHSFWMCM/ref=sr_1_165?dib=eyJ2IjoiMSJ9._DGZdUYxoWotymwAzkpYoFa0hSrmYNNmQGsnFyBzftmXXursSFmvZa6zD5RNic9R7EVAF1tL3DLGEclTq8kVGtKAI-p9SFvS0vS1kBpHFbnqE8FUR4B-VIYpgOSyLLSvhMrlwagIejqryakR1QJuN6iE2SjYNyt2PfKVYRUPEzV2ZqkICUt8fA7YRbFsidkoFRM6Vl5JOhywSvnHk4yKBcUI0fRO_NzgiazGRqGVpmE.PQSDD3OBFhAF9_dt5J36bkQ2i88pyDrdIHuTOaBmyDc&dib_tag=se&keywords=ram&qid=1716844887&sr=8-165,167.99,2024-05-27 22:21:27.419911
CORSAIR Dominator Titanium RGB DDR5 RAM 64GB (4x16GB) DDR5 6400MHz CL32 Intel XMP iCUE Compatible Computer Memory - Black (CMP64GX5M4B6400C32),RAM,https://www.amazon.com/CORSAIR-Dominator-Titanium-Compatible-Computer/dp/B0CHSHWPRK/ref=sr_1_166?dib=eyJ2IjoiMSJ9._DGZdUYxoWotymwAzkpYoFa0hSrmYNNmQGsnFyBzftmXXursSFmvZa6zD5RNic9R7EVAF1tL3DLGEclTq8kVGtKAI-p9SFvS0vS1kBpHFbnqE8FUR4B-VIYpgOSyLLSvhMrlwagIejqryakR1QJuN6iE2SjYNyt2PfKVYRUPEzV2ZqkICUt8fA7YRbFsidkoFRM6Vl5JOhywSvnHk4yKBcUI0fRO_NzgiazGRqGVpmE.PQSDD3OBFhAF9_dt5J36bkQ2i88pyDrdIHuTOaBmyDc&dib_tag=se&keywords=ram&qid=1716844887&sr=8-166,359.99,2024-05-27 22:21:27.421908
Timetec DDR4-2666 16GB Replacement for Synology D4ECSO-2666-16G DDR4 ECC Unbuffered SODIMM 2666MHz PC4-21300 260 Pin 1.2V CL19 Dual Rank 2Rx8 Memory RAM Upgrade (D4ECSO-2666-16G_TT),RAM,https://www.amazon.com/Timetec-Replacement-D4ECSO-2666-16G-Unbuffered-D4ECSO-2666-16G_TT/dp/B0991FM7RQ/ref=sr_1_169?dib=eyJ2IjoiMSJ9._DGZdUYxoWotymwAzkpYoFa0hSrmYNNmQGsnFyBzftmXXursSFmvZa6zD5RNic9R7EVAF1tL3DLGEclTq8kVGtKAI-p9SFvS0vS1kBpHFbnqE8FUR4B-VIYpgOSyLLSvhMrlwagIejqryakR1QJuN6iE2SjYNyt2PfKVYRUPEzV2ZqkICUt8fA7YRbFsidkoFRM6Vl5JOhywSvnHk4yKBcUI0fRO_NzgiazGRqGVpmE.PQSDD3OBFhAF9_dt5J36bkQ2i88pyDrdIHuTOaBmyDc&dib_tag=se&keywords=ram&qid=1716844887&sr=8-169,50.99,2024-05-27 22:21:27.429909
CORSAIR Vengeance RGB DDR5 RAM 48GB (2x24GB) 6000MHz CL36 Intel XMP iCUE Compatible Computer Memory - Black (CMH48GX5M2E6000C36),RAM,https://www.amazon.com/CORSAIR-Vengeance-6000MHz-Compatible-Computer/dp/B0C5XMMSQY/ref=sr_1_170?dib=eyJ2IjoiMSJ9._DGZdUYxoWotymwAzkpYoFa0hSrmYNNmQGsnFyBzftmXXursSFmvZa6zD5RNic9R7EVAF1tL3DLGEclTq8kVGtKAI-p9SFvS0vS1kBpHFbnqE8FUR4B-VIYpgOSyLLSvhMrlwagIejqryakR1QJuN6iE2SjYNyt2PfKVYRUPEzV2ZqkICUt8fA7YRbFsidkoFRM6Vl5JOhywSvnHk4yKBcUI0fRO_NzgiazGRqGVpmE.PQSDD3OBFhAF9_dt5J36bkQ2i88pyDrdIHuTOaBmyDc&dib_tag=se&keywords=ram&qid=1716844887&sr=8-170,164.99,2024-05-27 22:21:27.448911
"PNY Performance 8GB DDR4 DRAM 3200MHz (PC4-25600) CL22 (Compatible with 2933MHz, 2666MHz, 2400MHz or 2133MHz) 1.2V Notebook/Laptop (SODIMM) Computer Memory Kit – MN8GSD43200-TB",RAM,https://www.amazon.com/sspa/click?ie=UTF8&spc=MTo0NjkwNjg1ODYwMDk0OTUyOjE3MTY4NDQ4ODc6c3BfbXRmOjMwMDIwMzE4OTY0NzUwMjo6MDo6&url=%2FPNY-Performance-PC4-25600-Compatible-Notebook%2Fdp%2FB09PXF9PT5%2Fref%3Dsr_1_171_sspa%3Fdib%3DeyJ2IjoiMSJ9._DGZdUYxoWotymwAzkpYoFa0hSrmYNNmQGsnFyBzftmXXursSFmvZa6zD5RNic9R7EVAF1tL3DLGEclTq8kVGtKAI-p9SFvS0vS1kBpHFbnqE8FUR4B-VIYpgOSyLLSvhMrlwagIejqryakR1QJuN6iE2SjYNyt2PfKVYRUPEzV2ZqkICUt8fA7YRbFsidkoFRM6Vl5JOhywSvnHk4yKBcUI0fRO_NzgiazGRqGVpmE.PQSDD3OBFhAF9_dt5J36bkQ2i88pyDrdIHuTOaBmyDc%26dib_tag%3Dse%26keywords%3Dram%26qid%3D1716844887%26sr%3D8-171-spons%26sp_csd%3Dd2lkZ2V0TmFtZT1zcF9tdGY%26psc%3D1,18.99,2024-05-27 22:21:27.449908
OLOy DDR4 RAM 16GB (2x8GB) 3000 MHz CL16 1.35V 288-Pin Desktop Gaming UDIMM (MD4U083016BJDA),RAM,https://www.amazon.com/sspa/click?ie=UTF8&spc=MTo0NjkwNjg1ODYwMDk0OTUyOjE3MTY4NDQ4ODc6c3BfbXRmOjIwMDAyMjUwNTEyNzIzMTo6MDo6&url=%2FOLOy-288-Pin-Desktop-Gaming-MD4U083016BJDA%2Fdp%2FB083NPX9TJ%2Fref%3Dsr_1_172_sspa%3Fdib%3DeyJ2IjoiMSJ9._DGZdUYxoWotymwAzkpYoFa0hSrmYNNmQGsnFyBzftmXXursSFmvZa6zD5RNic9R7EVAF1tL3DLGEclTq8kVGtKAI-p9SFvS0vS1kBpHFbnqE8FUR4B-VIYpgOSyLLSvhMrlwagIejqryakR1QJuN6iE2SjYNyt2PfKVYRUPEzV2ZqkICUt8fA7YRbFsidkoFRM6Vl5JOhywSvnHk4yKBcUI0fRO_NzgiazGRqGVpmE.PQSDD3OBFhAF9_dt5J36bkQ2i88pyDrdIHuTOaBmyDc%26dib_tag%3Dse%26keywords%3Dram%26qid%3D1716844887%26sr%3D8-172-spons%26sp_csd%3Dd2lkZ2V0TmFtZT1zcF9tdGY%26psc%3D1,36.99,2024-05-27 22:21:27.452911
Computer Memory Ram KingBank DDR4 32GB(2x16GB) 3600MHz CL18 1.35V with Heatsink for Desktop Computer High Performance Gaming Office,RAM,https://www.amazon.com/Computer-KingBank-3600MHz-Heatsink-Performance/dp/B0D1V7QC8L/ref=sr_1_174?dib=eyJ2IjoiMSJ9._DGZdUYxoWotymwAzkpYoFa0hSrmYNNmQGsnFyBzftmXXursSFmvZa6zD5RNic9R7EVAF1tL3DLGEclTq8kVGtKAI-p9SFvS0vS1kBpHFbnqE8FUR4B-VIYpgOSyLLSvhMrlwagIejqryakR1QJuN6iE2SjYNyt2PfKVYRUPEzV2ZqkICUt8fA7YRbFsidkoFRM6Vl5JOhywSvnHk4yKBcUI0fRO_NzgiazGRqGVpmE.PQSDD3OBFhAF9_dt5J36bkQ2i88pyDrdIHuTOaBmyDc&dib_tag=se&keywords=ram&qid=1716844887&sr=8-174,54.99,2024-05-27 22:21:27.455911
A-Tech 32GB (2x16GB) DDR4 2666MHz PC4-21300 (PC4-2666V) CL19 SODIMM 1.2V 260-Pin Non-ECC SO-DIMM Laptop Notebook RAM Memory Modules,RAM,https://www.amazon.com/Tech-PC4-21300-Notebook-Computer-AT16G2D4S2666ND8N12V/dp/B07KGNXL2H/ref=sr_1_175?dib=eyJ2IjoiMSJ9._DGZdUYxoWotymwAzkpYoFa0hSrmYNNmQGsnFyBzftmXXursSFmvZa6zD5RNic9R7EVAF1tL3DLGEclTq8kVGtKAI-p9SFvS0vS1kBpHFbnqE8FUR4B-VIYpgOSyLLSvhMrlwagIejqryakR1QJuN6iE2SjYNyt2PfKVYRUPEzV2ZqkICUt8fA7YRbFsidkoFRM6Vl5JOhywSvnHk4yKBcUI0fRO_NzgiazGRqGVpmE.PQSDD3OBFhAF9_dt5J36bkQ2i88pyDrdIHuTOaBmyDc&dib_tag=se&keywords=ram&qid=1716844887&sr=8-175,75.34,2024-05-27 22:21:27.464908
Dorman 674-685 Passenger Side Exhaust Manifold Kit - Includes Required Gaskets and Hardware Compatible with Select Ram Models,RAM,https://www.amazon.com/Dorman-674-685-Exhaust-Manifold-Kit/dp/B07D89VRGR/ref=sr_1_176?dib=eyJ2IjoiMSJ9._DGZdUYxoWotymwAzkpYoFa0hSrmYNNmQGsnFyBzftmXXursSFmvZa6zD5RNic9R7EVAF1tL3DLGEclTq8kVGtKAI-p9SFvS0vS1kBpHFbnqE8FUR4B-VIYpgOSyLLSvhMrlwagIejqryakR1QJuN6iE2SjYNyt2PfKVYRUPEzV2ZqkICUt8fA7YRbFsidkoFRM6Vl5JOhywSvnHk4yKBcUI0fRO_NzgiazGRqGVpmE.PQSDD3OBFhAF9_dt5J36bkQ2i88pyDrdIHuTOaBmyDc&dib_tag=se&keywords=ram&qid=1716844887&sr=8-176,102.95,2024-05-27 22:21:27.469917
A-Tech Server 32GB Kit (2 x 16GB) 2Rx8 PC4-19200 DDR4 2400MHz ECC Unbuffered UDIMM 288-Pin Dual Rank DIMM 1.2V Workstation Server Memory RAM Upgrade Stick Modules (A-Tech Enterprise Series),RAM,https://www.amazon.com/Tech-PC4-19200-Unbuffered-Workstation-Enterprise/dp/B0BQ9NH73S/ref=sr_1_178?dib=eyJ2IjoiMSJ9._DGZdUYxoWotymwAzkpYoFa0hSrmYNNmQGsnFyBzftmXXursSFmvZa6zD5RNic9R7EVAF1tL3DLGEclTq8kVGtKAI-p9SFvS0vS1kBpHFbnqE8FUR4B-VIYpgOSyLLSvhMrlwagIejqryakR1QJuN6iE2SjYNyt2PfKVYRUPEzV2ZqkICUt8fA7YRbFsidkoFRM6Vl5JOhywSvnHk4yKBcUI0fRO_NzgiazGRqGVpmE.PQSDD3OBFhAF9_dt5J36bkQ2i88pyDrdIHuTOaBmyDc&dib_tag=se&keywords=ram&qid=1716844887&sr=8-178,87.94,2024-05-27 22:21:27.473914
"Nilight LED Headlight and Fog Light Bulbs Fits For Ram 1500 2500 3500 (2019-2022), Halogen Headlamp Upgrade Replacement, Compact Size, 6000K Cool White, 6-Pack",RAM,https://www.amazon.com/sspa/click?ie=UTF8&spc=MTo0NjkwNjg1ODYwMDk0OTUyOjE3MTY4NDQ4ODc6c3BfYnRmOjMwMDA5NTE4NDgwODgwMjo6MDo6&url=%2FNilight-Headlight-2019-2022-Headlamp-Replacement%2Fdp%2FB0CJ9HY8SP%2Fref%3Dsr_1_182_sspa%3Fdib%3DeyJ2IjoiMSJ9._DGZdUYxoWotymwAzkpYoFa0hSrmYNNmQGsnFyBzftmXXursSFmvZa6zD5RNic9R7EVAF1tL3DLGEclTq8kVGtKAI-p9SFvS0vS1kBpHFbnqE8FUR4B-VIYpgOSyLLSvhMrlwagIejqryakR1QJuN6iE2SjYNyt2PfKVYRUPEzV2ZqkICUt8fA7YRbFsidkoFRM6Vl5JOhywSvnHk4yKBcUI0fRO_NzgiazGRqGVpmE.PQSDD3OBFhAF9_dt5J36bkQ2i88pyDrdIHuTOaBmyDc%26dib_tag%3Dse%26keywords%3Dram%26qid%3D1716844887%26sr%3D8-182-spons%26sp_csd%3Dd2lkZ2V0TmFtZT1zcF9idGY%26psc%3D1,62.99,2024-05-27 22:21:27.481908
"Nilight LED Headlight and Fog Light Bulbs Fits For Ram 1500 2500 3500 (2019-2022), Halogen Headlamp Upgrade Replacement, Compact Size, 6000K Cool White, 6-Pack",RAM,https://www.amazon.com/sspa/click?ie=UTF8&spc=MToyOTMzMzQ2Njc4NzEyMDAzOjE3MTY4NDQ4ODc6c3BfYXRmX25leHQ6MzAwMDk1MTg0ODA4ODAyOjowOjo&url=%2FNilight-Headlight-2019-2022-Headlamp-Replacement%2Fdp%2FB0CJ9HY8SP%2Fref%3Dsr_1_34_sspa%3Fdib%3DeyJ2IjoiMSJ9.fOHOPWglZDnDrbYx0zYizoJ79sppOpEGPLYxIX7dTSBn7g9OHBwXsWBr47g-mEFWft2vFZfzpFHYsw9mBrRJ65QHSB0e2vIRch-Lv8f_GlyKwafkgsusLn3xMzlDjYNnhJf1O0oczp0jVxV6fqhB9DRC44p7RjeszjeEnH8YLFV1zQ1Zr-GwpnKhE4s5jJUWB906yO5BDaxqN8x_qvMLq2eoD-UgpKKtIwXBNqvMbWI.jKh0Pf4itJeSgj4KQ1dU-vI1h45XRRuhfH9RE1ln99M%26dib_tag%3Dse%26keywords%3Dram%26qid%3D1716844887%26sr%3D8-34-spons%26sp_csd%3Dd2lkZ2V0TmFtZT1zcF9hdGZfbmV4dA%26psc%3D1,62.99,2024-05-27 22:21:27.559915
CORSAIR VENGEANCE DDR5 RAM 64GB (2x32GB) 6000MHz CL30 AMD EXPO iCUE Compatible Computer Memory - Gray (CMK64GX5M2B6000Z30),RAM,https://www.amazon.com/CORSAIR-VENGEANCE-6000MHz-Compatible-Computer/dp/B0C5M7J967/ref=sr_1_35?dib=eyJ2IjoiMSJ9.fOHOPWglZDnDrbYx0zYizoJ79sppOpEGPLYxIX7dTSBn7g9OHBwXsWBr47g-mEFWft2vFZfzpFHYsw9mBrRJ65QHSB0e2vIRch-Lv8f_GlyKwafkgsusLn3xMzlDjYNnhJf1O0oczp0jVxV6fqhB9DRC44p7RjeszjeEnH8YLFV1zQ1Zr-GwpnKhE4s5jJUWB906yO5BDaxqN8x_qvMLq2eoD-UgpKKtIwXBNqvMbWI.jKh0Pf4itJeSgj4KQ1dU-vI1h45XRRuhfH9RE1ln99M&dib_tag=se&keywords=ram&qid=1716844887&sr=8-35,229.99,2024-05-27 22:21:27.562912
CORSAIR DOMINATOR PLATINUM RGB DDR5 RAM 64GB (2x32GB) 5600MHz CL40 Intel XMP iCUE Compatible Computer Memory - White (CMT64GX5M2B5600C40W),RAM,https://www.amazon.com/CORSAIR-DOMINATOR-PLATINUM-Compatible-Computer/dp/B0B39C6GV3/ref=sr_1_36?dib=eyJ2IjoiMSJ9.fOHOPWglZDnDrbYx0zYizoJ79sppOpEGPLYxIX7dTSBn7g9OHBwXsWBr47g-mEFWft2vFZfzpFHYsw9mBrRJ65QHSB0e2vIRch-Lv8f_GlyKwafkgsusLn3xMzlDjYNnhJf1O0oczp0jVxV6fqhB9DRC44p7RjeszjeEnH8YLFV1zQ1Zr-GwpnKhE4s5jJUWB906yO5BDaxqN8x_qvMLq2eoD-UgpKKtIwXBNqvMbWI.jKh0Pf4itJeSgj4KQ1dU-vI1h45XRRuhfH9RE1ln99M&dib_tag=se&keywords=ram&qid=1716844887&sr=8-36,224.99,2024-05-27 22:21:27.564909
CORSAIR Vengeance DDR5 RAM 32GB (2x16GB) 6000MHz CL30 Intel XMP iCUE Compatible Computer Memory - Black (CMK32GX5M2B6000C30),RAM,https://www.amazon.com/CORSAIR-Vengeance-6000MHz-Compatible-Computer/dp/B0C3RYHZJQ/ref=sr_1_37?dib=eyJ2IjoiMSJ9.fOHOPWglZDnDrbYx0zYizoJ79sppOpEGPLYxIX7dTSBn7g9OHBwXsWBr47g-mEFWft2vFZfzpFHYsw9mBrRJ65QHSB0e2vIRch-Lv8f_GlyKwafkgsusLn3xMzlDjYNnhJf1O0oczp0jVxV6fqhB9DRC44p7RjeszjeEnH8YLFV1zQ1Zr-GwpnKhE4s5jJUWB906yO5BDaxqN8x_qvMLq2eoD-UgpKKtIwXBNqvMbWI.jKh0Pf4itJeSgj4KQ1dU-vI1h45XRRuhfH9RE1ln99M&dib_tag=se&keywords=ram&qid=1716844887&sr=8-37,114.99,2024-05-27 22:21:27.566910
"Corsair Vengeance LPX 32GB (2x16GB) DDR4 3600MHz C16 Desktop Memory (High Performance Overclocking, Pure Aluminum Heatspreader, Custom Performance PCB) Black",RAM,https://www.amazon.com/Corsair-Vengeance-Performance-Overclocking-Heatspreader/dp/B09DNPVR64/ref=sr_1_38?dib=eyJ2IjoiMSJ9.fOHOPWglZDnDrbYx0zYizoJ79sppOpEGPLYxIX7dTSBn7g9OHBwXsWBr47g-mEFWft2vFZfzpFHYsw9mBrRJ65QHSB0e2vIRch-Lv8f_GlyKwafkgsusLn3xMzlDjYNnhJf1O0oczp0jVxV6fqhB9DRC44p7RjeszjeEnH8YLFV1zQ1Zr-GwpnKhE4s5jJUWB906yO5BDaxqN8x_qvMLq2eoD-UgpKKtIwXBNqvMbWI.jKh0Pf4itJeSgj4KQ1dU-vI1h45XRRuhfH9RE1ln99M&dib_tag=se&keywords=ram&qid=1716844887&sr=8-38,94.99,2024-05-27 22:21:27.568909
OLOy Memory DDR4 RAM 64GB (2x32GB) 3200 MHz CL16 1.35V 288-Pin Desktop Gaming UDIMM (MD4U323216DJDA),RAM,https://www.amazon.com/OLOy-Memory-288-Pin-Desktop-MD4U323216DJDA/dp/B0836NZHWR/ref=sr_1_40?dib=eyJ2IjoiMSJ9.fOHOPWglZDnDrbYx0zYizoJ79sppOpEGPLYxIX7dTSBn7g9OHBwXsWBr47g-mEFWft2vFZfzpFHYsw9mBrRJ65QHSB0e2vIRch-Lv8f_GlyKwafkgsusLn3xMzlDjYNnhJf1O0oczp0jVxV6fqhB9DRC44p7RjeszjeEnH8YLFV1zQ1Zr-GwpnKhE4s5jJUWB906yO5BDaxqN8x_qvMLq2eoD-UgpKKtIwXBNqvMbWI.jKh0Pf4itJeSgj4KQ1dU-vI1h45XRRuhfH9RE1ln99M&dib_tag=se&keywords=ram&qid=1716844887&sr=8-40,124.99,2024-05-27 22:21:27.570908
CORSAIR VENGEANCE RGB DDR5 RAM 32GB (2x16GB) 5600MHz CL40 Intel XMP iCUE Compatible Computer Memory - White (CMH32GX5M2B5600C40W),RAM,https://www.amazon.com/CORSAIR-VENGEANCE-5600MHz-Compatible-Computer/dp/B0CJ8ZT9S1/ref=sr_1_41?dib=eyJ2IjoiMSJ9.fOHOPWglZDnDrbYx0zYizoJ79sppOpEGPLYxIX7dTSBn7g9OHBwXsWBr47g-mEFWft2vFZfzpFHYsw9mBrRJ65QHSB0e2vIRch-Lv8f_GlyKwafkgsusLn3xMzlDjYNnhJf1O0oczp0jVxV6fqhB9DRC44p7RjeszjeEnH8YLFV1zQ1Zr-GwpnKhE4s5jJUWB906yO5BDaxqN8x_qvMLq2eoD-UgpKKtIwXBNqvMbWI.jKh0Pf4itJeSgj4KQ1dU-vI1h45XRRuhfH9RE1ln99M&dib_tag=se&keywords=ram&qid=1716844887&sr=8-41,114.99,2024-05-27 22:21:27.573916
Corsair Vengeance RGB Pro 16GB (2x8GB) DDR4 3200MHz C16 LED Desktop Memory - White,RAM,https://www.amazon.com/CORSAIR-Vengeance-3200MHz-Desktop-Memory/dp/B07D5SN1ZK/ref=sr_1_42?dib=eyJ2IjoiMSJ9.fOHOPWglZDnDrbYx0zYizoJ79sppOpEGPLYxIX7dTSBn7g9OHBwXsWBr47g-mEFWft2vFZfzpFHYsw9mBrRJ65QHSB0e2vIRch-Lv8f_GlyKwafkgsusLn3xMzlDjYNnhJf1O0oczp0jVxV6fqhB9DRC44p7RjeszjeEnH8YLFV1zQ1Zr-GwpnKhE4s5jJUWB906yO5BDaxqN8x_qvMLq2eoD-UgpKKtIwXBNqvMbWI.jKh0Pf4itJeSgj4KQ1dU-vI1h45XRRuhfH9RE1ln99M&dib_tag=se&keywords=ram&qid=1716844887&sr=8-42,62.99,2024-05-27 22:21:27.576910
KLEVV DDR4 16GB (2x8GB) 2666MHz CL19 1.2V SODIMM Laptop Ram Memory SK Hynix Chip (KD48GS880-26N190D),RAM,https://www.amazon.com/sspa/click?ie=UTF8&spc=MToyOTMzMzQ2Njc4NzEyMDAzOjE3MTY4NDQ4ODc6c3BfbXRmOjMwMDEzOTUyMDAxNTIwMjo6MDo6&url=%2FKLEVV-2666MHz-SODIMM-Laptop-KD48GS880-26N190D%2Fdp%2FB0CTH2KYZ2%2Fref%3Dsr_1_44_sspa%3Fdib%3DeyJ2IjoiMSJ9.fOHOPWglZDnDrbYx0zYizoJ79sppOpEGPLYxIX7dTSBn7g9OHBwXsWBr47g-mEFWft2vFZfzpFHYsw9mBrRJ65QHSB0e2vIRch-Lv8f_GlyKwafkgsusLn3xMzlDjYNnhJf1O0oczp0jVxV6fqhB9DRC44p7RjeszjeEnH8YLFV1zQ1Zr-GwpnKhE4s5jJUWB906yO5BDaxqN8x_qvMLq2eoD-UgpKKtIwXBNqvMbWI.jKh0Pf4itJeSgj4KQ1dU-vI1h45XRRuhfH9RE1ln99M%26dib_tag%3Dse%26keywords%3Dram%26qid%3D1716844887%26sr%3D8-44-spons%26sp_csd%3Dd2lkZ2V0TmFtZT1zcF9tdGY%26psc%3D1,30.99,2024-05-27 22:21:27.579912
CORSAIR VENGEANCE DDR5 RAM 32GB (2x16GB) 5600MHz CL40 Intel XMP iCUE Compatible Computer Memory - White (CMK32GX5M2B5600C40W),RAM,https://www.amazon.com/CORSAIR-VENGEANCE-5600MHz-Compatible-Computer/dp/B0CJ91NKMK/ref=sr_1_46?dib=eyJ2IjoiMSJ9.fOHOPWglZDnDrbYx0zYizoJ79sppOpEGPLYxIX7dTSBn7g9OHBwXsWBr47g-mEFWft2vFZfzpFHYsw9mBrRJ65QHSB0e2vIRch-Lv8f_GlyKwafkgsusLn3xMzlDjYNnhJf1O0oczp0jVxV6fqhB9DRC44p7RjeszjeEnH8YLFV1zQ1Zr-GwpnKhE4s5jJUWB906yO5BDaxqN8x_qvMLq2eoD-UgpKKtIwXBNqvMbWI.jKh0Pf4itJeSgj4KQ1dU-vI1h45XRRuhfH9RE1ln99M&dib_tag=se&keywords=ram&qid=1716844887&sr=8-46,107.99,2024-05-27 22:21:27.586908
CORSAIR VENGEANCE RGB DDR5 RAM 32GB (2x16GB) 7200MHz CL34 Intel XMP iCUE Compatible Computer Memory - Black (CMH32GX5M2X7200C34),RAM,https://www.amazon.com/CORSAIR-VENGEANCE-7200MHz-Compatible-Computer/dp/B0BLYLPC9L/ref=sr_1_47?dib=eyJ2IjoiMSJ9.fOHOPWglZDnDrbYx0zYizoJ79sppOpEGPLYxIX7dTSBn7g9OHBwXsWBr47g-mEFWft2vFZfzpFHYsw9mBrRJ65QHSB0e2vIRch-Lv8f_GlyKwafkgsusLn3xMzlDjYNnhJf1O0oczp0jVxV6fqhB9DRC44p7RjeszjeEnH8YLFV1zQ1Zr-GwpnKhE4s5jJUWB906yO5BDaxqN8x_qvMLq2eoD-UgpKKtIwXBNqvMbWI.jKh0Pf4itJeSgj4KQ1dU-vI1h45XRRuhfH9RE1ln99M&dib_tag=se&keywords=ram&qid=1716844887&sr=8-47,159.99,2024-05-27 22:21:27.588916
CORSAIR VENGEANCE RGB DDR5 RAM 32GB (2x16GB) 6400MHz CL36 Intel XMP iCUE Compatible Computer Memory - White (CMH32GX5M2B6400C36W),RAM,https://www.amazon.com/CORSAIR-VENGEANCE-6400MHz-Compatible-Computer/dp/B0C4Y3DCL4/ref=sr_1_48?dib=eyJ2IjoiMSJ9.fOHOPWglZDnDrbYx0zYizoJ79sppOpEGPLYxIX7dTSBn7g9OHBwXsWBr47g-mEFWft2vFZfzpFHYsw9mBrRJ65QHSB0e2vIRch-Lv8f_GlyKwafkgsusLn3xMzlDjYNnhJf1O0oczp0jVxV6fqhB9DRC44p7RjeszjeEnH8YLFV1zQ1Zr-GwpnKhE4s5jJUWB906yO5BDaxqN8x_qvMLq2eoD-UgpKKtIwXBNqvMbWI.jKh0Pf4itJeSgj4KQ1dU-vI1h45XRRuhfH9RE1ln99M&dib_tag=se&keywords=ram&qid=1716844887&sr=8-48,129.99,2024-05-27 22:21:27.592912
"Lexar 16GB (2x8GB) THOR DDR4 RAM 3200MT/s CL16 1.35V Desktop Memory with Heatsink, Intel XMP 2.0, Black (LD4U08G32C16LG-RUD)",RAM,https://www.amazon.com/Lexar-3200MT-Desktop-Heatsink-LD4U08G32C16LG-RUD/dp/B0CGR5WY8R/ref=sr_1_49?dib=eyJ2IjoiMSJ9.fOHOPWglZDnDrbYx0zYizoJ79sppOpEGPLYxIX7dTSBn7g9OHBwXsWBr47g-mEFWft2vFZfzpFHYsw9mBrRJ65QHSB0e2vIRch-Lv8f_GlyKwafkgsusLn3xMzlDjYNnhJf1O0oczp0jVxV6fqhB9DRC44p7RjeszjeEnH8YLFV1zQ1Zr-GwpnKhE4s5jJUWB906yO5BDaxqN8x_qvMLq2eoD-UgpKKtIwXBNqvMbWI.jKh0Pf4itJeSgj4KQ1dU-vI1h45XRRuhfH9RE1ln99M&dib_tag=se&keywords=ram&qid=1716844887&sr=8-49,34.99,2024-05-27 22:21:27.595911
Becoming Nobody: The Essential Ram Dass Collection,RAM,https://www.amazon.com/Becoming-Nobody-Ram-Dass-audiobook/dp/B07WGQGJR7/ref=sr_1_51?dib=eyJ2IjoiMSJ9.fOHOPWglZDnDrbYx0zYizoJ79sppOpEGPLYxIX7dTSBn7g9OHBwXsWBr47g-mEFWft2vFZfzpFHYsw9mBrRJ65QHSB0e2vIRch-Lv8f_GlyKwafkgsusLn3xMzlDjYNnhJf1O0oczp0jVxV6fqhB9DRC44p7RjeszjeEnH8YLFV1zQ1Zr-GwpnKhE4s5jJUWB906yO5BDaxqN8x_qvMLq2eoD-UgpKKtIwXBNqvMbWI.jKh0Pf4itJeSgj4KQ1dU-vI1h45XRRuhfH9RE1ln99M&dib_tag=se&keywords=ram&qid=1716844887&sr=8-51,33.99,2024-05-27 22:21:27.601916
CORSAIR VENGEANCE RGB DDR5 RAM 32GB (2x16GB) 6000MHz CL30 AMD EXPO iCUE Compatible Computer Memory - Gray (CMH32GX5M2B6000Z30K),RAM,https://www.amazon.com/CORSAIR-VENGEANCE-6000MHz-Compatible-Computer/dp/B0BPTKD797/ref=sr_1_52?dib=eyJ2IjoiMSJ9.fOHOPWglZDnDrbYx0zYizoJ79sppOpEGPLYxIX7dTSBn7g9OHBwXsWBr47g-mEFWft2vFZfzpFHYsw9mBrRJ65QHSB0e2vIRch-Lv8f_GlyKwafkgsusLn3xMzlDjYNnhJf1O0oczp0jVxV6fqhB9DRC44p7RjeszjeEnH8YLFV1zQ1Zr-GwpnKhE4s5jJUWB906yO5BDaxqN8x_qvMLq2eoD-UgpKKtIwXBNqvMbWI.jKh0Pf4itJeSgj4KQ1dU-vI1h45XRRuhfH9RE1ln99M&dib_tag=se&keywords=ram&qid=1716844887&sr=8-52,135.99,2024-05-27 22:21:27.604909
"Nilight LED Headlight and Fog Light Bulbs Fits For Ram 1500 2500 3500 (2019-2022), Halogen Headlamp Upgrade Replacement, Compact Size, 6000K Cool White, 6-Pack",RAM,https://www.amazon.com/sspa/click?ie=UTF8&spc=MToxMjk5MDgwNzgxMjM1NzM5OjE3MTY4NDQ4ODg6c3BfYXRmX25leHQ6MzAwMDk1MTg0ODA4ODAyOjowOjo&url=%2FNilight-Headlight-2019-2022-Headlamp-Replacement%2Fdp%2FB0CJ9HY8SP%2Fref%3Dsr_1_242_sspa%3Fdib%3DeyJ2IjoiMSJ9.e9PQaig8cJRZRFbo_8aNJFdbXFjer_1g8HWVDPyvPJqeMlgE67utprMvw2Ii0azgNKO-nskLL4-u7HHzXe7Sp5kwizO5XJyyVtSlAFNvDjgmOwOf4JLGZ4iqx6hZo0komY90TNI6TSv3SCdTYgCJw59AtI-T77_VSN349lD95Ncg5Scd_h-ndeq8WjMTtBCaq9R-tDppK6sXAzF3OHqIjX3AKIlb4h1i5oH4lzPE9XM.4HfFPaOm454B6EbQPw1orytz-3HpnPZVMmT_8fpPYCI%26dib_tag%3Dse%26keywords%3Dram%26qid%3D1716844888%26sr%3D8-242-spons%26sp_csd%3Dd2lkZ2V0TmFtZT1zcF9hdGZfbmV4dA%26psc%3D1,62.99,2024-05-27 22:21:28.867069
"Days of the Ram, Then and Now-DVD",RAM,https://www.amazon.com/Days-Ram-Then-Now-DVD-Ramtha/dp/B000GFKFTA/ref=sr_1_245?dib=eyJ2IjoiMSJ9.e9PQaig8cJRZRFbo_8aNJFdbXFjer_1g8HWVDPyvPJqeMlgE67utprMvw2Ii0azgNKO-nskLL4-u7HHzXe7Sp5kwizO5XJyyVtSlAFNvDjgmOwOf4JLGZ4iqx6hZo0komY90TNI6TSv3SCdTYgCJw59AtI-T77_VSN349lD95Ncg5Scd_h-ndeq8WjMTtBCaq9R-tDppK6sXAzF3OHqIjX3AKIlb4h1i5oH4lzPE9XM.4HfFPaOm454B6EbQPw1orytz-3HpnPZVMmT_8fpPYCI&dib_tag=se&keywords=ram&qid=1716844888&sr=8-245,75.1,2024-05-27 22:21:28.917069
"Ram Balram (Brand New Single Disc Dvd, Hindi Language, With English Subtitles, Released By EROS/DEI) Made In USA",RAM,https://www.amazon.com/Balram-Language-English-Subtitles-Released/dp/B0BN6VSSSY/ref=sr_1_246?dib=eyJ2IjoiMSJ9.e9PQaig8cJRZRFbo_8aNJFdbXFjer_1g8HWVDPyvPJqeMlgE67utprMvw2Ii0azgNKO-nskLL4-u7HHzXe7Sp5kwizO5XJyyVtSlAFNvDjgmOwOf4JLGZ4iqx6hZo0komY90TNI6TSv3SCdTYgCJw59AtI-T77_VSN349lD95Ncg5Scd_h-ndeq8WjMTtBCaq9R-tDppK6sXAzF3OHqIjX3AKIlb4h1i5oH4lzPE9XM.4HfFPaOm454B6EbQPw1orytz-3HpnPZVMmT_8fpPYCI&dib_tag=se&keywords=ram&qid=1716844888&sr=8-246,49.99,2024-05-27 22:21:28.920073
"Ram Lakhan (Brand New Single Disc Dvd, Hindi Language, With English Subtitles, Released By EROS/DEI) Made In USA",RAM,https://www.amazon.com/Lakhan-Language-English-Subtitles-Released/dp/B0BMZNRZFZ/ref=sr_1_247?dib=eyJ2IjoiMSJ9.e9PQaig8cJRZRFbo_8aNJFdbXFjer_1g8HWVDPyvPJqeMlgE67utprMvw2Ii0azgNKO-nskLL4-u7HHzXe7Sp5kwizO5XJyyVtSlAFNvDjgmOwOf4JLGZ4iqx6hZo0komY90TNI6TSv3SCdTYgCJw59AtI-T77_VSN349lD95Ncg5Scd_h-ndeq8WjMTtBCaq9R-tDppK6sXAzF3OHqIjX3AKIlb4h1i5oH4lzPE9XM.4HfFPaOm454B6EbQPw1orytz-3HpnPZVMmT_8fpPYCI&dib_tag=se&keywords=ram&qid=1716844888&sr=8-247,49.99,2024-05-27 22:21:28.924074
DAATA EK RAM * Hari Om Sharan (VCD) Total 11 Tracks,RAM,https://www.amazon.com/DAATA-Hari-Sharan-Total-Tracks/dp/B0C9G5QXZJ/ref=sr_1_248?dib=eyJ2IjoiMSJ9.e9PQaig8cJRZRFbo_8aNJFdbXFjer_1g8HWVDPyvPJqeMlgE67utprMvw2Ii0azgNKO-nskLL4-u7HHzXe7Sp5kwizO5XJyyVtSlAFNvDjgmOwOf4JLGZ4iqx6hZo0komY90TNI6TSv3SCdTYgCJw59AtI-T77_VSN349lD95Ncg5Scd_h-ndeq8WjMTtBCaq9R-tDppK6sXAzF3OHqIjX3AKIlb4h1i5oH4lzPE9XM.4HfFPaOm454B6EbQPw1orytz-3HpnPZVMmT_8fpPYCI&dib_tag=se&keywords=ram&qid=1716844888&sr=8-248,19.99,2024-05-27 22:21:28.947070
SHREE RAM HANUMAN YUDHA,RAM,https://www.amazon.com/SHREE-RAM-HANUMAN-YUDHA/dp/B01BX26CCS/ref=sr_1_249?dib=eyJ2IjoiMSJ9.e9PQaig8cJRZRFbo_8aNJFdbXFjer_1g8HWVDPyvPJqeMlgE67utprMvw2Ii0azgNKO-nskLL4-u7HHzXe7Sp5kwizO5XJyyVtSlAFNvDjgmOwOf4JLGZ4iqx6hZo0komY90TNI6TSv3SCdTYgCJw59AtI-T77_VSN349lD95Ncg5Scd_h-ndeq8WjMTtBCaq9R-tDppK6sXAzF3OHqIjX3AKIlb4h1i5oH4lzPE9XM.4HfFPaOm454B6EbQPw1orytz-3HpnPZVMmT_8fpPYCI&dib_tag=se&keywords=ram&qid=1716844888&sr=8-249,14.95,2024-05-27 22:21:28.950071
"RAMAYAN Shre Ram Katha , Set of 2 VCD ( Anippon Ramayana Films Presentaion )",RAM,https://www.amazon.com/RAMAYAN-Katha-Anippon-Ramayana-Presentaion/dp/B0C9JYVYW6/ref=sr_1_250?dib=eyJ2IjoiMSJ9.e9PQaig8cJRZRFbo_8aNJFdbXFjer_1g8HWVDPyvPJqeMlgE67utprMvw2Ii0azgNKO-nskLL4-u7HHzXe7Sp5kwizO5XJyyVtSlAFNvDjgmOwOf4JLGZ4iqx6hZo0komY90TNI6TSv3SCdTYgCJw59AtI-T77_VSN349lD95Ncg5Scd_h-ndeq8WjMTtBCaq9R-tDppK6sXAzF3OHqIjX3AKIlb4h1i5oH4lzPE9XM.4HfFPaOm454B6EbQPw1orytz-3HpnPZVMmT_8fpPYCI&dib_tag=se&keywords=ram&qid=1716844888&sr=8-250,59.99,2024-05-27 22:21:28.954073
KLEVV Bolt X DDR4 32GB (2x16GB) 3600MHz CL18 1.35V Gaming Desktop Ram Memory SK Hynix Chip XMP 2.0 Ready (KD4AGUA80-36A180U),RAM,https://www.amazon.com/sspa/click?ie=UTF8&spc=MToxMjk5MDgwNzgxMjM1NzM5OjE3MTY4NDQ4ODg6c3BfbXRmOjMwMDAwOTI1MzM4NjUwMjo6MDo6&url=%2FKLEVV-Desktop-PC-Memory-KD4AGU880-36A180U%2Fdp%2FB087XHN92L%2Fref%3Dsr_1_251_sspa%3Fdib%3DeyJ2IjoiMSJ9.e9PQaig8cJRZRFbo_8aNJFdbXFjer_1g8HWVDPyvPJqeMlgE67utprMvw2Ii0azgNKO-nskLL4-u7HHzXe7Sp5kwizO5XJyyVtSlAFNvDjgmOwOf4JLGZ4iqx6hZo0komY90TNI6TSv3SCdTYgCJw59AtI-T77_VSN349lD95Ncg5Scd_h-ndeq8WjMTtBCaq9R-tDppK6sXAzF3OHqIjX3AKIlb4h1i5oH4lzPE9XM.4HfFPaOm454B6EbQPw1orytz-3HpnPZVMmT_8fpPYCI%26dib_tag%3Dse%26keywords%3Dram%26qid%3D1716844888%26sr%3D8-251-spons%26sp_csd%3Dd2lkZ2V0TmFtZT1zcF9tdGY%26psc%3D1,62.99,2024-05-27 22:21:28.969067
KLEVV DDR4 16GB (2x8GB) 2666MHz CL19 1.2V SODIMM Laptop Ram Memory SK Hynix Chip (KD48GS880-26N190D),RAM,https://www.amazon.com/sspa/click?ie=UTF8&spc=MToxMjk5MDgwNzgxMjM1NzM5OjE3MTY4NDQ4ODg6c3BfbXRmOjMwMDEzOTUyMDAxNTIwMjo6MDo6&url=%2FKLEVV-2666MHz-SODIMM-Laptop-KD48GS880-26N190D%2Fdp%2FB0CTH2KYZ2%2Fref%3Dsr_1_252_sspa%3Fdib%3DeyJ2IjoiMSJ9.e9PQaig8cJRZRFbo_8aNJFdbXFjer_1g8HWVDPyvPJqeMlgE67utprMvw2Ii0azgNKO-nskLL4-u7HHzXe7Sp5kwizO5XJyyVtSlAFNvDjgmOwOf4JLGZ4iqx6hZo0komY90TNI6TSv3SCdTYgCJw59AtI-T77_VSN349lD95Ncg5Scd_h-ndeq8WjMTtBCaq9R-tDppK6sXAzF3OHqIjX3AKIlb4h1i5oH4lzPE9XM.4HfFPaOm454B6EbQPw1orytz-3HpnPZVMmT_8fpPYCI%26dib_tag%3Dse%26keywords%3Dram%26qid%3D1716844888%26sr%3D8-252-spons%26sp_csd%3Dd2lkZ2V0TmFtZT1zcF9tdGY%26psc%3D1,30.99,2024-05-27 22:21:28.972070
"SATYA * Urmila & JD , A film by Ram Gopal verma ( DEI ,First Edition, Made in USA )",RAM,https://www.amazon.com/SATYA-Urmila-Gopal-verma-First/dp/B0CK7DG8RV/ref=sr_1_253?dib=eyJ2IjoiMSJ9.e9PQaig8cJRZRFbo_8aNJFdbXFjer_1g8HWVDPyvPJqeMlgE67utprMvw2Ii0azgNKO-nskLL4-u7HHzXe7Sp5kwizO5XJyyVtSlAFNvDjgmOwOf4JLGZ4iqx6hZo0komY90TNI6TSv3SCdTYgCJw59AtI-T77_VSN349lD95Ncg5Scd_h-ndeq8WjMTtBCaq9R-tDppK6sXAzF3OHqIjX3AKIlb4h1i5oH4lzPE9XM.4HfFPaOm454B6EbQPw1orytz-3HpnPZVMmT_8fpPYCI&dib_tag=se&keywords=ram&qid=1716844888&sr=8-253,49.99,2024-05-27 22:21:28.978285
MSI Gaming GeForce RTX 3060 12GB 15 Gbps GDRR6 192-Bit HDMI/DP PCIe 4 Torx Twin Fan Ampere OC Graphics Card,GPU,https://www.amazon.com/MSI-GeForce-RTX-3060-12G/dp/B08WPRMVWB/ref=sr_1_2?dib=eyJ2IjoiMSJ9.nxMjWxBVo71X0s1T7hO5hN1sfGE3C6o02nN7OK8D94cRRs9AinQLC7XB1AR_IkcsH-Vq-Dkk0fhIVlgmT35BxZhKDDgT9P9ZiOa2StJcBVmVmdWBLIp0p2d4HrVyQXpb8_URQULaDINwMMCaihM91ZUzEfviakTNEfqD4pnXBQdmXtYC6DoqOxsvKzQp4oH_RFCmPBAC9tiMloiPhQgosGzJeKJv2Jho64O68IhB1F4.WUUrtzNrBu6R6bT6t0zbL5kbMRyFts44oOP9A_rhjok&dib_tag=se&keywords=gpu&qid=1716844888&sr=8-2,288.0,2024-05-27 22:21:29.031061
"DROHI - By Ram Gopal Varma * Nagarjun, Urmila and Dany",RAM,https://www.amazon.com/DROHI-Gopal-Varma-Nagarjun-Urmila/dp/B0CBGHWW69/ref=sr_1_254?dib=eyJ2IjoiMSJ9.e9PQaig8cJRZRFbo_8aNJFdbXFjer_1g8HWVDPyvPJqeMlgE67utprMvw2Ii0azgNKO-nskLL4-u7HHzXe7Sp5kwizO5XJyyVtSlAFNvDjgmOwOf4JLGZ4iqx6hZo0komY90TNI6TSv3SCdTYgCJw59AtI-T77_VSN349lD95Ncg5Scd_h-ndeq8WjMTtBCaq9R-tDppK6sXAzF3OHqIjX3AKIlb4h1i5oH4lzPE9XM.4HfFPaOm454B6EbQPw1orytz-3HpnPZVMmT_8fpPYCI&dib_tag=se&keywords=ram&qid=1716844888&sr=8-254,49.99,2024-05-27 22:21:29.040970
Bissell 1984 Air Ram Cordless Vacuum,RAM,https://www.amazon.com/Bissell-Cordless-Vacuum-1984-Green/dp/B01LCY0KIO/ref=sr_1_256?dib=eyJ2IjoiMSJ9.e9PQaig8cJRZRFbo_8aNJFdbXFjer_1g8HWVDPyvPJqeMlgE67utprMvw2Ii0azgNKO-nskLL4-u7HHzXe7Sp5kwizO5XJyyVtSlAFNvDjgmOwOf4JLGZ4iqx6hZo0komY90TNI6TSv3SCdTYgCJw59AtI-T77_VSN349lD95Ncg5Scd_h-ndeq8WjMTtBCaq9R-tDppK6sXAzF3OHqIjX3AKIlb4h1i5oH4lzPE9XM.4HfFPaOm454B6EbQPw1orytz-3HpnPZVMmT_8fpPYCI&dib_tag=se&keywords=ram&qid=1716844888&sr=8-256,267.79,2024-05-27 22:21:29.044011
"OnePlus 12,16GB RAM+512GB,Dual-SIM,Unlocked Android Smartphone,Supports 50W Wireless Charging,Latest Mobile Processor,Advanced Hasselblad Camera,5400 mAh Battery,2024,Flowy Emerald",RAM,https://www.amazon.com/OnePlus-Dual-SIM-Smartphone-Processor-Hasselblad/dp/B0CQ5JGH2Y/ref=sr_1_258?dib=eyJ2IjoiMSJ9.e9PQaig8cJRZRFbo_8aNJFdbXFjer_1g8HWVDPyvPJqeMlgE67utprMvw2Ii0azgNKO-nskLL4-u7HHzXe7Sp5kwizO5XJyyVtSlAFNvDjgmOwOf4JLGZ4iqx6hZo0komY90TNI6TSv3SCdTYgCJw59AtI-T77_VSN349lD95Ncg5Scd_h-ndeq8WjMTtBCaq9R-tDppK6sXAzF3OHqIjX3AKIlb4h1i5oH4lzPE9XM.4HfFPaOm454B6EbQPw1orytz-3HpnPZVMmT_8fpPYCI&dib_tag=se&keywords=ram&qid=1716844888&sr=8-258,799.99,2024-05-27 22:21:29.049081
"ASUS Dual GeForce RTX™ 4060 OC White Edition 8GB GDDR6 (PCIe 4.0, 8GB GDDR6, DLSS 3, HDMI 2.1a, DisplayPort 1.4a, 2.5-Slot Design, Axial-tech Fan Design, 0dB Technology, and More)",GPU,https://www.amazon.com/ASUS-DisplayPort-2-5-Slot-Axial-tech-Technology/dp/B0CD14QQXH/ref=sr_1_3?dib=eyJ2IjoiMSJ9.nxMjWxBVo71X0s1T7hO5hN1sfGE3C6o02nN7OK8D94cRRs9AinQLC7XB1AR_IkcsH-Vq-Dkk0fhIVlgmT35BxZhKDDgT9P9ZiOa2StJcBVmVmdWBLIp0p2d4HrVyQXpb8_URQULaDINwMMCaihM91ZUzEfviakTNEfqD4pnXBQdmXtYC6DoqOxsvKzQp4oH_RFCmPBAC9tiMloiPhQgosGzJeKJv2Jho64O68IhB1F4.WUUrtzNrBu6R6bT6t0zbL5kbMRyFts44oOP9A_rhjok&dib_tag=se&keywords=gpu&qid=1716844888&sr=8-3,309.99,2024-05-27 22:21:29.052078
"ASUS Dual NVIDIA GeForce RTX 3050 6GB OC Edition Gaming Graphics Card - PCIe 4.0, 6GB GDDR6 Memory, HDMI 2.1, DisplayPort 1.4a, 2-Slot Design, Axial-tech Fan Design, 0dB Technology, Steel Bracket",GPU,https://www.amazon.com/ASUS-NVIDIA-GeForce-Gaming-Graphics/dp/B0CVCG2VPK/ref=sr_1_4?dib=eyJ2IjoiMSJ9.nxMjWxBVo71X0s1T7hO5hN1sfGE3C6o02nN7OK8D94cRRs9AinQLC7XB1AR_IkcsH-Vq-Dkk0fhIVlgmT35BxZhKDDgT9P9ZiOa2StJcBVmVmdWBLIp0p2d4HrVyQXpb8_URQULaDINwMMCaihM91ZUzEfviakTNEfqD4pnXBQdmXtYC6DoqOxsvKzQp4oH_RFCmPBAC9tiMloiPhQgosGzJeKJv2Jho64O68IhB1F4.WUUrtzNrBu6R6bT6t0zbL5kbMRyFts44oOP9A_rhjok&dib_tag=se&keywords=gpu&qid=1716844888&sr=8-4,179.99,2024-05-27 22:21:29.054081
"GIGABYTE GeForce RTX 4060 Gaming OC 8G Graphics Card, 3X WINDFORCE Fans, 8GB 128-bit GDDR6, GV-N4060GAMING OC-8GD Video Card",GPU,https://www.amazon.com/GIGABYTE-Graphics-WINDFORCE-GV-N4060GAMING-OC-8GD/dp/B0C8KQRH32/ref=sr_1_5?dib=eyJ2IjoiMSJ9.nxMjWxBVo71X0s1T7hO5hN1sfGE3C6o02nN7OK8D94cRRs9AinQLC7XB1AR_IkcsH-Vq-Dkk0fhIVlgmT35BxZhKDDgT9P9ZiOa2StJcBVmVmdWBLIp0p2d4HrVyQXpb8_URQULaDINwMMCaihM91ZUzEfviakTNEfqD4pnXBQdmXtYC6DoqOxsvKzQp4oH_RFCmPBAC9tiMloiPhQgosGzJeKJv2Jho64O68IhB1F4.WUUrtzNrBu6R6bT6t0zbL5kbMRyFts44oOP9A_rhjok&dib_tag=se&keywords=gpu&qid=1716844888&sr=8-5,309.99,2024-05-27 22:21:29.057078
"GIGABYTE GeForce RTX 3060 Gaming OC 12G (REV2.0) Graphics Card, 3X WINDFORCE Fans, 12GB 192-bit GDDR6, GV-N3060GAMING OC-12GD Video Card",GPU,https://www.amazon.com/GIGABYTE-REV2-0-WINDFORCE-GV-N3060GAMING-OC-12GD/dp/B0971BG25M/ref=sr_1_6?dib=eyJ2IjoiMSJ9.nxMjWxBVo71X0s1T7hO5hN1sfGE3C6o02nN7OK8D94cRRs9AinQLC7XB1AR_IkcsH-Vq-Dkk0fhIVlgmT35BxZhKDDgT9P9ZiOa2StJcBVmVmdWBLIp0p2d4HrVyQXpb8_URQULaDINwMMCaihM91ZUzEfviakTNEfqD4pnXBQdmXtYC6DoqOxsvKzQp4oH_RFCmPBAC9tiMloiPhQgosGzJeKJv2Jho64O68IhB1F4.WUUrtzNrBu6R6bT6t0zbL5kbMRyFts44oOP9A_rhjok&dib_tag=se&keywords=gpu&qid=1716844888&sr=8-6,304.99,2024-05-27 22:21:29.060076
"GIGABYTE Radeon RX 7600 XT Gaming OC 16G Graphics Card, 3X WINDFORCE Fans 16GB 128-bit GDDR6, GV-R76XTGAMING OC-16GD Video Card",GPU,https://www.amazon.com/GIGABYTE-Graphics-WINDFORCE-GV-R76XTGAMING-OC-16GD/dp/B0CSVJZNNX/ref=sr_1_7?dib=eyJ2IjoiMSJ9.nxMjWxBVo71X0s1T7hO5hN1sfGE3C6o02nN7OK8D94cRRs9AinQLC7XB1AR_IkcsH-Vq-Dkk0fhIVlgmT35BxZhKDDgT9P9ZiOa2StJcBVmVmdWBLIp0p2d4HrVyQXpb8_URQULaDINwMMCaihM91ZUzEfviakTNEfqD4pnXBQdmXtYC6DoqOxsvKzQp4oH_RFCmPBAC9tiMloiPhQgosGzJeKJv2Jho64O68IhB1F4.WUUrtzNrBu6R6bT6t0zbL5kbMRyFts44oOP9A_rhjok&dib_tag=se&keywords=gpu&qid=1716844888&sr=8-7,329.99,2024-05-27 22:21:29.061078
Rams [DVD] [2016],RAM,https://www.amazon.com/Rams-DVD/dp/B01BDQDP3S/ref=sr_1_260?dib=eyJ2IjoiMSJ9.e9PQaig8cJRZRFbo_8aNJFdbXFjer_1g8HWVDPyvPJqeMlgE67utprMvw2Ii0azgNKO-nskLL4-u7HHzXe7Sp5kwizO5XJyyVtSlAFNvDjgmOwOf4JLGZ4iqx6hZo0komY90TNI6TSv3SCdTYgCJw59AtI-T77_VSN349lD95Ncg5Scd_h-ndeq8WjMTtBCaq9R-tDppK6sXAzF3OHqIjX3AKIlb4h1i5oH4lzPE9XM.4HfFPaOm454B6EbQPw1orytz-3HpnPZVMmT_8fpPYCI&dib_tag=se&keywords=ram&qid=1716844888&sr=8-260,14.42,2024-05-27 22:21:29.081080
"XFX Speedster SWFT 210 Radeon RX 6600 CORE Gaming Graphics Card with 8GB GDDR6 HDMI 3xDP, AMD RDNA 2 RX-66XL8LFDQ",GPU,https://www.amazon.com/XFX-Speedster-Radeon-Graphics-RX-66XL8LFDQ/dp/B09HHLX543/ref=sr_1_8?dib=eyJ2IjoiMSJ9.nxMjWxBVo71X0s1T7hO5hN1sfGE3C6o02nN7OK8D94cRRs9AinQLC7XB1AR_IkcsH-Vq-Dkk0fhIVlgmT35BxZhKDDgT9P9ZiOa2StJcBVmVmdWBLIp0p2d4HrVyQXpb8_URQULaDINwMMCaihM91ZUzEfviakTNEfqD4pnXBQdmXtYC6DoqOxsvKzQp4oH_RFCmPBAC9tiMloiPhQgosGzJeKJv2Jho64O68IhB1F4.WUUrtzNrBu6R6bT6t0zbL5kbMRyFts44oOP9A_rhjok&dib_tag=se&keywords=gpu&qid=1716844888&sr=8-8,199.99,2024-05-27 22:21:29.086078
"GIGABYTE GeForce RTX 4060 AERO OC 8G Graphics Card, 3X WINDFORCE Fans, 8GB 128-bit GDDR6, GV-N4060AERO OC-8GD Video Card",GPU,https://www.amazon.com/GIGABYTE-Graphics-WINDFORCE-GV-N4060AERO-OC-8GD/dp/B0C8K3DFD9/ref=sr_1_9?dib=eyJ2IjoiMSJ9.nxMjWxBVo71X0s1T7hO5hN1sfGE3C6o02nN7OK8D94cRRs9AinQLC7XB1AR_IkcsH-Vq-Dkk0fhIVlgmT35BxZhKDDgT9P9ZiOa2StJcBVmVmdWBLIp0p2d4HrVyQXpb8_URQULaDINwMMCaihM91ZUzEfviakTNEfqD4pnXBQdmXtYC6DoqOxsvKzQp4oH_RFCmPBAC9tiMloiPhQgosGzJeKJv2Jho64O68IhB1F4.WUUrtzNrBu6R6bT6t0zbL5kbMRyFts44oOP9A_rhjok&dib_tag=se&keywords=gpu&qid=1716844888&sr=8-9,319.99,2024-05-27 22:21:29.088078
MSI Gaming GeForce RTX 4060 8GB GDRR6 Extreme Clock: 2505 MHz 128-Bit HDMI/DP Nvlink TORX Fan 4.0 Ada Lovelace Architecture Graphics Card (RTX 4060 Ventus 2X Black 8G OC),GPU,https://www.amazon.com/MSI-RTX-4060-Architecture-2X/dp/B0C8BPW1SP/ref=sr_1_10?dib=eyJ2IjoiMSJ9.nxMjWxBVo71X0s1T7hO5hN1sfGE3C6o02nN7OK8D94cRRs9AinQLC7XB1AR_IkcsH-Vq-Dkk0fhIVlgmT35BxZhKDDgT9P9ZiOa2StJcBVmVmdWBLIp0p2d4HrVyQXpb8_URQULaDINwMMCaihM91ZUzEfviakTNEfqD4pnXBQdmXtYC6DoqOxsvKzQp4oH_RFCmPBAC9tiMloiPhQgosGzJeKJv2Jho64O68IhB1F4.WUUrtzNrBu6R6bT6t0zbL5kbMRyFts44oOP9A_rhjok&dib_tag=se&keywords=gpu&qid=1716844888&sr=8-10,293.0,2024-05-27 22:21:29.091077
"ASUS Dual GeForce RTX™ 4070 White OC Edition 12GB GDDR6X (PCIe 4.0, 12GB GDDR6X, DLSS 3, HDMI 2.1, DisplayPort 1.4a, 2.56-Slot Design, Axial-tech Fan Design, 0dB Technology, and More)",GPU,https://www.amazon.com/ASUS-DisplayPort-2-56-Slot-Axial-tech-Technology/dp/B0C4BZZWJM/ref=sr_1_11?dib=eyJ2IjoiMSJ9.nxMjWxBVo71X0s1T7hO5hN1sfGE3C6o02nN7OK8D94cRRs9AinQLC7XB1AR_IkcsH-Vq-Dkk0fhIVlgmT35BxZhKDDgT9P9ZiOa2StJcBVmVmdWBLIp0p2d4HrVyQXpb8_URQULaDINwMMCaihM91ZUzEfviakTNEfqD4pnXBQdmXtYC6DoqOxsvKzQp4oH_RFCmPBAC9tiMloiPhQgosGzJeKJv2Jho64O68IhB1F4.WUUrtzNrBu6R6bT6t0zbL5kbMRyFts44oOP9A_rhjok&dib_tag=se&keywords=gpu&qid=1716844888&sr=8-11,569.99,2024-05-27 22:21:29.093080
"ASUS Dual Radeon RX 7600 XT OC Edition 16GB GDDR6 (AMD RDNA 3, PCIe 4.0, HDMI 2.1, DisplayPort 2.1, Axial-tech Fan Design, 0dB Technology, Dual BIOS, Auto-Extreme Technology, GPU Tweak III, and More)",GPU,https://www.amazon.com/ASUS-DisplayPort-Axial-tech-Technology-Auto-Extreme/dp/B0CS8Z9YBB/ref=sr_1_13?dib=eyJ2IjoiMSJ9.nxMjWxBVo71X0s1T7hO5hN1sfGE3C6o02nN7OK8D94cRRs9AinQLC7XB1AR_IkcsH-Vq-Dkk0fhIVlgmT35BxZhKDDgT9P9ZiOa2StJcBVmVmdWBLIp0p2d4HrVyQXpb8_URQULaDINwMMCaihM91ZUzEfviakTNEfqD4pnXBQdmXtYC6DoqOxsvKzQp4oH_RFCmPBAC9tiMloiPhQgosGzJeKJv2Jho64O68IhB1F4.WUUrtzNrBu6R6bT6t0zbL5kbMRyFts44oOP9A_rhjok&dib_tag=se&keywords=gpu&qid=1716844888&sr=8-13,339.99,2024-05-27 22:21:29.098097
"ASUS ROG Strix GeForce RTX™ 4070 OC Edition Gaming Graphics Card (PCIe 4.0, 12GB GDDR6X, DLSS 3, HDMI 2.1, DisplayPort 1.4a)",GPU,https://www.amazon.com/ASUS-GeForce-Gaming-Graphics-DisplayPort/dp/B0C4BT9N8T/ref=sr_1_14?dib=eyJ2IjoiMSJ9.nxMjWxBVo71X0s1T7hO5hN1sfGE3C6o02nN7OK8D94cRRs9AinQLC7XB1AR_IkcsH-Vq-Dkk0fhIVlgmT35BxZhKDDgT9P9ZiOa2StJcBVmVmdWBLIp0p2d4HrVyQXpb8_URQULaDINwMMCaihM91ZUzEfviakTNEfqD4pnXBQdmXtYC6DoqOxsvKzQp4oH_RFCmPBAC9tiMloiPhQgosGzJeKJv2Jho64O68IhB1F4.WUUrtzNrBu6R6bT6t0zbL5kbMRyFts44oOP9A_rhjok&dib_tag=se&keywords=gpu&qid=1716844888&sr=8-14,699.99,2024-05-27 22:21:29.101179
"GIGABYTE GV-R76GAMING OC-8GD Radeon RX 7600 Gaming OC 8G Graphics Card, 3X WINDFORCE Fans 8GB 128-bit GDDR6, Video Card",GPU,https://www.amazon.com/GIGABYTE-GV-R76GAMING-OC-8GD-Graphics-WINDFORCE/dp/B0C5S9CHMG/ref=sr_1_15?dib=eyJ2IjoiMSJ9.nxMjWxBVo71X0s1T7hO5hN1sfGE3C6o02nN7OK8D94cRRs9AinQLC7XB1AR_IkcsH-Vq-Dkk0fhIVlgmT35BxZhKDDgT9P9ZiOa2StJcBVmVmdWBLIp0p2d4HrVyQXpb8_URQULaDINwMMCaihM91ZUzEfviakTNEfqD4pnXBQdmXtYC6DoqOxsvKzQp4oH_RFCmPBAC9tiMloiPhQgosGzJeKJv2Jho64O68IhB1F4.WUUrtzNrBu6R6bT6t0zbL5kbMRyFts44oOP9A_rhjok&dib_tag=se&keywords=gpu&qid=1716844888&sr=8-15,243.94,2024-05-27 22:21:29.104082
PowerColor Fighter AMD Radeon RX 6600 Graphics Card with 8GB GDDR6 Memory,GPU,https://www.amazon.com/PowerColor-Fighter-Radeon-6600-Graphics/dp/B09H3PY14M/ref=sr_1_16?dib=eyJ2IjoiMSJ9.nxMjWxBVo71X0s1T7hO5hN1sfGE3C6o02nN7OK8D94cRRs9AinQLC7XB1AR_IkcsH-Vq-Dkk0fhIVlgmT35BxZhKDDgT9P9ZiOa2StJcBVmVmdWBLIp0p2d4HrVyQXpb8_URQULaDINwMMCaihM91ZUzEfviakTNEfqD4pnXBQdmXtYC6DoqOxsvKzQp4oH_RFCmPBAC9tiMloiPhQgosGzJeKJv2Jho64O68IhB1F4.WUUrtzNrBu6R6bT6t0zbL5kbMRyFts44oOP9A_rhjok&dib_tag=se&keywords=gpu&qid=1716844888&sr=8-16,199.99,2024-05-27 22:21:29.105079
"ASUS Dual GeForce RTX™ 4060 Ti OC Edition 8GB GDDR6 (PCIe 4.0, 8GB GDDR6, DLSS 3, HDMI 2.1, DisplayPort 1.4a, Axial-tech Fan Design, 0dB Technology, and More)",GPU,https://www.amazon.com/ASUS-GeForce-DisplayPort-Axial-tech-Technology/dp/B0C42GBMNZ/ref=sr_1_18?dib=eyJ2IjoiMSJ9.nxMjWxBVo71X0s1T7hO5hN1sfGE3C6o02nN7OK8D94cRRs9AinQLC7XB1AR_IkcsH-Vq-Dkk0fhIVlgmT35BxZhKDDgT9P9ZiOa2StJcBVmVmdWBLIp0p2d4HrVyQXpb8_URQULaDINwMMCaihM91ZUzEfviakTNEfqD4pnXBQdmXtYC6DoqOxsvKzQp4oH_RFCmPBAC9tiMloiPhQgosGzJeKJv2Jho64O68IhB1F4.WUUrtzNrBu6R6bT6t0zbL5kbMRyFts44oOP9A_rhjok&dib_tag=se&keywords=gpu&qid=1716844888&sr=8-18,384.99,2024-05-27 22:21:29.108080
"ASUS TUF Gaming GeForce RTX™ 4060 Ti OC Edition Gaming Graphics Card (PCIe 4.0, 8GB GDDR6, DLSS 3, HDMI 2.1a, DisplayPort 1.4a)",GPU,https://www.amazon.com/ASUS-Gaming-GeForce-Graphics-DisplayPort/dp/B0C422MFHV/ref=sr_1_19?dib=eyJ2IjoiMSJ9.nxMjWxBVo71X0s1T7hO5hN1sfGE3C6o02nN7OK8D94cRRs9AinQLC7XB1AR_IkcsH-Vq-Dkk0fhIVlgmT35BxZhKDDgT9P9ZiOa2StJcBVmVmdWBLIp0p2d4HrVyQXpb8_URQULaDINwMMCaihM91ZUzEfviakTNEfqD4pnXBQdmXtYC6DoqOxsvKzQp4oH_RFCmPBAC9tiMloiPhQgosGzJeKJv2Jho64O68IhB1F4.WUUrtzNrBu6R6bT6t0zbL5kbMRyFts44oOP9A_rhjok&dib_tag=se&keywords=gpu&qid=1716844888&sr=8-19,439.99,2024-05-27 22:21:29.110079
